key,scroll,wrap,area_cm2,verdict,mean_range,median_range,flat_frac,tiles,pct
PHerc0125__z10544_w100,PHerc0125,w100,10.19,,48.419161796569824,45.92366027832031,0.0,24,0.9919354838709677
PHerc0125__z9344_w100,PHerc0125,w100,10.17,,47.05179043610891,50.609901428222656,0.041666666666666664,24,0.9758064516129032
PHerc0125__z11744_w100,PHerc0125,w100,10.29,,43.400112648804985,41.4026985168457,0.0,24,0.9596774193548387
PHerc0125__z8144_w100,PHerc0125,w100,9.84,,40.60732412338257,23.920764923095703,0.20833333333333334,24,0.9435483870967741
PHerc0125__z6336_w100,PHerc0125,w100,10.05,,36.904343605041504,26.50951385498047,0.0,24,0.9274193548387096
PHerc0125__z9936_w100,PHerc0125,w100,10.36,,34.09275007247925,26.29540252685547,0.0,24,0.9112903225806451
PHerc0125__z6944_w100,PHerc0125,w100,10.1,,33.88058082262675,25.03446674346924,0.16666666666666666,24,0.8951612903225806
PHerc0125__z8736_w100,PHerc0125,w100,10.04,,31.643696626027424,24.49734115600586,0.041666666666666664,24,0.8790322580645161
PHerc0125__z15344_w020,PHerc0125,w020,2.51,,31.594471613566082,29.20950698852539,0.0,24,0.8629032258064516
PHerc0125__z16544_w100,PHerc0125,w100,9.89,parcial,31.3118679523468,20.484920501708984,0.041666666666666664,24,0.8467741935483871
PHerc0125__z16544_w060,PHerc0125,w060,6.84,,30.34227466583252,27.762754440307617,0.0,24,0.8306451612903226
PHerc0125__z16544_w080,PHerc0125,w080,8.47,,29.23611815770467,25.1400146484375,0.0,24,0.814516129032258
PHerc0125__z16544_w020,PHerc0125,w020,2.54,aprova,27.810669422149658,27.0716552734375,0.0,24,0.7983870967741935
PHerc0125__z14736_w040,PHerc0125,w040,4.65,,27.75406551361084,26.11639404296875,0.0,24,0.782258064516129
PHerc0125__z14144_w020,PHerc0125,w020,2.31,,27.085116704305012,24.833740234375,0.0,24,0.7661290322580645
PHerc0125__z14736_w100,PHerc0125,w100,10.19,,26.982376446326573,22.209060668945312,0.08333333333333333,24,0.75
PHerc0125__z14144_w100,PHerc0125,w100,10.28,,26.687551816304524,20.79914093017578,0.0,24,0.7338709677419355
PHerc0125__z16544_w040,PHerc0125,w040,4.74,,26.55240790049235,25.40625762939453,0.0,24,0.717741935483871
PHerc0125__z14736_w020,PHerc0125,w020,2.44,aprova,26.027456283569336,24.882686614990234,0.0,24,0.7016129032258065
PHerc0125__z17136_w080,PHerc0125,w080,8.3,,25.9976919144392,22.40843963623047,0.041666666666666664,24,0.6854838709677419
PHerc0125__z15344_w040,PHerc0125,w040,4.75,,25.251229286193848,24.58349609375,0.0,24,0.6693548387096774
PHerc0125__z14144_w040,PHerc0125,w040,4.48,,25.13863404591878,24.0057373046875,0.0,24,0.6532258064516129
PHerc0125__z14736_w080,PHerc0125,w080,8.55,,25.04151137669881,23.674663543701172,0.0,24,0.6370967741935484
PHerc0125__z17136_w040,PHerc0125,w040,4.44,,24.541569391886394,24.717639923095703,0.0,24,0.6209677419354839
PHerc0125__z8736_w020,PHerc0125,w020,2.38,,23.00984001159668,22.74997329711914,0.0,24,0.6048387096774194
PHerc0125__z17136_w100,PHerc0125,w100,10.05,,22.995266099770863,18.41277313232422,0.041666666666666664,24,0.5887096774193549
PHerc0125__z11744_w020,PHerc0125,w020,2.5,parcial,22.798771540323894,22.283580780029297,0.0,24,0.5725806451612904
PHerc0125__z17136_w020,PHerc0125,w020,2.31,reprova,22.704517046610516,21.214569091796875,0.0,24,0.5564516129032258
PHerc0125__z8736_w080,PHerc0125,w080,8.16,,22.548661867777508,18.68503189086914,0.0,24,0.5403225806451613
PHerc0125__z14144_w060,PHerc0125,w060,6.81,,22.453903834025066,23.032196044921875,0.0,24,0.5241935483870968
PHerc0125__z10544_w080,PHerc0125,w080,8.39,,22.397085825602215,19.81035614013672,0.0,24,0.5080645161290323
PHerc0125__z11744_w080,PHerc0125,w080,8.32,,22.127451578776043,20.466548919677734,0.0,24,0.49193548387096775
PHerc0125__z9344_w020,PHerc0125,w020,2.32,reprova,21.990668614705402,21.777957916259766,0.0,24,0.4758064516129032
PHerc0125__z14736_w060,PHerc0125,w060,6.67,,21.91495672861735,21.597614288330078,0.0,24,0.4596774193548387
PHerc0125__z9344_w060,PHerc0125,w060,6.68,,21.890130360921223,18.768814086914062,0.0,24,0.4435483870967742
PHerc0125__z8144_w020,PHerc0125,w020,2.3,aprova,21.848790168762207,20.857349395751953,0.0,24,0.4274193548387097
PHerc0125__z10544_w060,PHerc0125,w060,6.67,,21.36913299560547,21.0709228515625,0.0,24,0.41129032258064513
PHerc0125__z6336_w040,PHerc0125,w040,4.34,,21.218607584635418,18.74661636352539,0.0,24,0.3951612903225806
PHerc0125__z9936_w080,PHerc0125,w080,8.3,,20.875688234965008,19.825645446777344,0.0,24,0.3790322580645161
PHerc0125__z11744_w060,PHerc0125,w060,6.75,,20.77224063873291,21.56352996826172,0.0,24,0.3629032258064516
PHerc0125__z8144_w080,PHerc0125,w080,8.08,,20.524354298909504,18.850173950195312,0.0,24,0.34677419354838707
PHerc0125__z6944_w060,PHerc0125,w060,6.25,,20.50257682800293,17.45303726196289,0.0,24,0.33064516129032256
PHerc0125__z9936_w060,PHerc0125,w060,6.63,aprova,20.34442710876465,19.801414489746094,0.0,24,0.31451612903225806
PHerc0125__z6336_w060,PHerc0125,w060,6.55,,20.251219749450684,20.597637176513672,0.0,24,0.29838709677419356
PHerc0125__z10544_w040,PHerc0125,w040,4.43,,20.229138056437176,19.394500732421875,0.0,24,0.282258064516129
PHerc0125__z9344_w080,PHerc0125,w080,8.41,,19.788314819335938,17.256694793701172,0.0,24,0.2661290322580645
PHerc0125__z10544_w020,PHerc0125,w020,2.44,,19.76545238494873,19.907569885253906,0.0,24,0.25
PHerc0125__z11744_w040,PHerc0125,w040,4.49,,19.729973793029785,18.44528579711914,0.0,24,0.23387096774193547
PHerc0125__z6944_w020,PHerc0125,w020,2.16,aprova,19.62298520406087,19.30077362060547,0.0,24,0.21774193548387097
PHerc0125__z9936_w020,PHerc0125,w020,2.3,reprova,19.603376388549805,19.439666748046875,0.0,24,0.20161290322580644
PHerc0125__z6336_w020,PHerc0125,w020,2.21,aprova,19.582437833150227,19.836822509765625,0.0,24,0.18548387096774194
PHerc0125__z17136_w060,PHerc0125,w060,6.54,,19.452661832173664,19.467487335205078,0.16666666666666666,24,0.1693548387096774
PHerc0125__z9344_w040,PHerc0125,w040,4.54,,19.348225275675457,18.15064239501953,0.0,24,0.1532258064516129
PHerc0125__z14144_w080,PHerc0125,w080,8.6,,19.174293518066406,17.959430694580078,0.0,24,0.13709677419354838
PHerc0125__z9936_w040,PHerc0125,w040,4.58,,19.085525512695312,18.819480895996094,0.0,24,0.12096774193548387
PHerc0125__z6944_w040,PHerc0125,w040,4.23,,18.98279635111491,18.794612884521484,0.0,24,0.10483870967741934
PHerc0125__z6944_w080,PHerc0125,w080,8.14,reprova,18.953797976175945,19.05618667602539,0.0,24,0.08870967741935484
PHerc0125__z6336_w080,PHerc0125,w080,8.15,,18.86600335439046,17.287277221679688,0.0,24,0.07258064516129031
PHerc0125__z8736_w060,PHerc0125,w060,6.42,,18.662699540456135,17.762435913085938,0.0,24,0.056451612903225805
PHerc0125__z8736_w040,PHerc0125,w040,4.38,,18.65468184153239,17.634689331054688,0.0,24,0.04032258064516129
PHerc0125__z8144_w060,PHerc0125,w060,6.22,,18.502890586853027,20.022098541259766,0.0,24,0.024193548387096774
PHerc0125__z8144_w040,PHerc0125,w040,4.33,,16.742899576822918,15.633121490478516,0.0,24,0.008064516129032258
PHerc0211__z7920_w100,PHerc0211,w100,9.35,,74.21415054798126,80.13192749023438,0.0,24,0.9944444444444445
PHerc0211__z4912_w100,PHerc0211,w100,9.77,,68.80964250862598,73.9428939819336,0.08333333333333333,24,0.9833333333333333
PHerc0211__z4320_w100,PHerc0211,w100,10.06,,66.64062827577193,68.24345397949219,0.08333333333333333,24,0.9722222222222222
PHerc0211__z5520_w100,PHerc0211,w100,9.75,,60.80682507157326,59.206573486328125,0.041666666666666664,24,0.9611111111111111
PHerc0211__z7312_w100,PHerc0211,w100,9.3,,56.07586492349704,56.50295448303223,0.125,24,0.95
PHerc0211__z10320_w100,PHerc0211,w100,9.86,,54.20064049959183,42.52901649475098,0.125,24,0.9388888888888889
PHerc0211__z6112_w100,PHerc0211,w100,9.5,,54.05909130970637,47.59668731689453,0.041666666666666664,24,0.9277777777777778
PHerc0211__z6720_w100,PHerc0211,w100,9.28,reprova,51.47651660939058,39.92203903198242,0.16666666666666666,24,0.9166666666666666
PHerc0211__z10912_w100,PHerc0211,w100,10.03,,51.05773192178458,31.843250274658203,0.041666666666666664,24,0.9055555555555556
PHerc0211__z7312_w080,PHerc0211,w080,8.59,,46.98683786392212,40.13679313659668,0.0,24,0.8944444444444444
PHerc0211__z7920_w020,PHerc0211,w020,1.85,aprova,46.3297594388326,45.92076873779297,0.0,24,0.8833333333333333
PHerc0211__z9120_w100,PHerc0211,w100,9.37,reprova,43.386626686900854,37.70907402038574,0.20833333333333334,24,0.8722222222222222
PHerc0211__z7312_w020,PHerc0211,w020,1.97,,41.832655906677246,39.7166748046875,0.0,24,0.861111111111111
PHerc0211__z9712_w020,PHerc0211,w020,2.07,,41.72972393035889,41.33735275268555,0.0,24,0.85
PHerc0211__z9712_w080,PHerc0211,w080,9.35,,40.74732542037964,36.31129455566406,0.0,24,0.8388888888888889
PHerc0211__z9712_w100,PHerc0211,w100,9.57,,40.12527511268854,37.031734466552734,0.08333333333333333,24,0.8277777777777777
PHerc0211__z6720_w020,PHerc0211,w020,1.96,aprova,39.946353594462074,38.15489959716797,0.0,24,0.8166666666666667
PHerc0211__z13920_w020,PHerc0211,w020,1.64,aprova,38.91896057128906,38.33555221557617,0.0,24,0.8055555555555556
PHerc0211__z6112_w020,PHerc0211,w020,1.95,aprova,38.59455076853434,37.994476318359375,0.0,24,0.7944444444444444
PHerc0211__z5520_w020,PHerc0211,w020,1.87,aprova,38.32867685953776,38.6879997253418,0.0,24,0.7833333333333333
PHerc0211__z6720_w080,PHerc0211,w080,8.65,,37.017857233683266,29.427978515625,0.0,24,0.7722222222222223
PHerc0211__z7920_w040,PHerc0211,w040,3.9,,36.70279852549235,36.14142608642578,0.0,24,0.7611111111111111
PHerc0211__z9120_w020,PHerc0211,w020,2.09,aprova,35.47093931833903,35.901493072509766,0.0,24,0.75
PHerc0211__z11520_w020,PHerc0211,w020,1.97,aprova,35.33885224660238,36.01674270629883,0.0,24,0.7388888888888888
PHerc0211__z6112_w080,PHerc0211,w080,8.72,parcial,34.57042916615804,28.017715454101562,0.0,24,0.7277777777777777
PHerc0211__z10320_w020,PHerc0211,w020,2.25,aprova,33.75464725494385,34.56334686279297,0.0,24,0.7166666666666667
PHerc0211__z12720_w100,PHerc0211,w100,10.53,,33.54545005162557,27.774765014648438,0.0,24,0.7055555555555555
PHerc0211__z14512_w020,PHerc0211,w020,1.7,parcial,32.417938550313316,31.897850036621094,0.0,24,0.6944444444444444
PHerc0211__z10912_w020,PHerc0211,w020,2.2,reprova,31.82686932881673,29.629188537597656,0.0,24,0.6833333333333333
PHerc0211__z13312_w020,PHerc0211,w020,1.84,reprova,31.780033111572266,30.74410629272461,0.0,24,0.6722222222222222
PHerc0211__z4912_w020,PHerc0211,w020,2.01,aprova,31.585015932718914,28.19573211669922,0.0,24,0.6611111111111111
PHerc0211__z9120_w080,PHerc0211,w080,8.78,,31.385040918986004,29.868144989013672,0.0,24,0.65
PHerc0211__z7312_w040,PHerc0211,w040,4.1,,30.792980829874676,28.823070526123047,0.0,24,0.6388888888888888
PHerc0211__z12112_w020,PHerc0211,w020,1.67,reprova,30.766953150431316,28.594650268554688,0.0,24,0.6277777777777778
PHerc0211__z9120_w040,PHerc0211,w040,4.16,,29.72277545928955,29.694503784179688,0.0,24,0.6166666666666667
PHerc0211__z6720_w040,PHerc0211,w040,4.17,,28.77143669128418,29.1766357421875,0.0,24,0.6055555555555555
PHerc0211__z12720_w020,PHerc0211,w020,2.19,reprova,28.63518190383911,27.93218994140625,0.0,24,0.5944444444444444
PHerc0211__z10320_w040,PHerc0211,w040,4.58,,28.153806686401367,27.362335205078125,0.0,24,0.5833333333333333
PHerc0211__z6112_w040,PHerc0211,w040,4.1,,27.896096229553223,27.144126892089844,0.0,24,0.5722222222222222
PHerc0211__z13920_w100,PHerc0211,w100,9.65,,27.788634936014812,23.83578109741211,0.0,24,0.5611111111111111
PHerc0211__z12112_w100,PHerc0211,w100,9.31,,27.56114387512207,24.460765838623047,0.0,24,0.5499999999999999
PHerc0211__z3712_w100,PHerc0211,w100,8.61,,27.21290683746338,21.046939849853516,0.0,24,0.5388888888888889
PHerc0211__z7920_w080,PHerc0211,w080,8.31,,27.18519941965739,23.354122161865234,0.0,24,0.5277777777777778
PHerc0211__z5520_w040,PHerc0211,w040,3.99,,26.546536445617676,26.39295196533203,0.0,24,0.5166666666666666
PHerc0211__z4320_w040,PHerc0211,w040,3.89,,26.542668342590332,26.92660903930664,0.0,24,0.5055555555555555
PHerc0211__z10912_w040,PHerc0211,w040,4.26,,26.481345812479656,24.440799713134766,0.0,24,0.4944444444444444
PHerc0211__z14512_w040,PHerc0211,w040,3.69,,26.326060612996418,22.65650177001953,0.0,24,0.48333333333333334
PHerc0211__z13312_w040,PHerc0211,w040,3.8,,26.21865240732829,26.298542022705078,0.0,24,0.4722222222222222
PHerc0211__z4912_w040,PHerc0211,w040,4.1,,25.97706127166748,23.352073669433594,0.0,24,0.4611111111111111
PHerc0211__z13920_w040,PHerc0211,w040,3.75,,25.911490440368652,22.82529067993164,0.0,24,0.44999999999999996
PHerc0211__z14512_w100,PHerc0211,w100,9.36,parcial,24.862884839375813,20.493629455566406,0.0,24,0.4388888888888889
PHerc0211__z12112_w040,PHerc0211,w040,3.8,,24.854697227478027,23.88582992553711,0.0,24,0.42777777777777776
PHerc0211__z7920_w060,PHerc0211,w060,6.23,,24.731475512186687,23.795608520507812,0.0,24,0.41666666666666663
PHerc0211__z4320_w020,PHerc0211,w020,1.9,reprova,24.53926118214925,23.653663635253906,0.0,24,0.40555555555555556
PHerc0211__z13312_w060,PHerc0211,w060,5.9,,24.535539944966633,22.810955047607422,0.0,24,0.39444444444444443
PHerc0211__z10320_w080,PHerc0211,w080,8.65,,24.344270706176758,22.408924102783203,0.0,24,0.3833333333333333
PHerc0211__z10320_w060,PHerc0211,w060,6.57,,24.32414786020915,24.833805084228516,0.0,24,0.3722222222222222
PHerc0211__z11520_w100,PHerc0211,w100,9.47,,24.320337613423664,20.990333557128906,0.0,24,0.3611111111111111
PHerc0211__z9712_w040,PHerc0211,w040,4.41,,24.145928064982098,24.319210052490234,0.0,24,0.35
PHerc0211__z12720_w040,PHerc0211,w040,4.07,,23.55030409495036,24.190006256103516,0.0,24,0.33888888888888885
PHerc0211__z4912_w080,PHerc0211,w080,8.46,reprova,23.40591843922933,23.83736801147461,0.0,24,0.3277777777777778
PHerc0211__z14512_w080,PHerc0211,w080,7.75,parcial,23.306352297465008,22.98614501953125,0.0,24,0.31666666666666665
PHerc0211__z11520_w060,PHerc0211,w060,5.59,,23.266010920206707,23.248332977294922,0.0,24,0.3055555555555555
PHerc0211__z13312_w100,PHerc0211,w100,9.79,,23.09759060541789,20.43465805053711,0.0,24,0.2944444444444444
PHerc0211__z5520_w080,PHerc0211,w080,8.62,,22.867228507995605,23.01126480102539,0.0,24,0.2833333333333333
PHerc0211__z12112_w060,PHerc0211,w060,5.6,,22.80149284998576,21.416988372802734,0.0,24,0.2722222222222222
PHerc0211__z11520_w040,PHerc0211,w040,3.88,reprova,22.78911813100179,21.14950942993164,0.0,24,0.26111111111111107
PHerc0211__z13920_w060,PHerc0211,w060,5.92,,22.75404230753581,21.181106567382812,0.0,24,0.25
PHerc0211__z4320_w060,PHerc0211,w060,6.14,,22.701711018880207,20.92444610595703,0.0,24,0.2388888888888889
PHerc0211__z3712_w080,PHerc0211,w080,7.37,,22.305330276489258,20.822036743164062,0.0,24,0.22777777777777777
PHerc0211__z12112_w080,PHerc0211,w080,7.28,,22.29138978322347,21.768394470214844,0.0,24,0.21666666666666667
PHerc0211__z14512_w060,PHerc0211,w060,5.93,,22.10014756520589,21.190792083740234,0.0,24,0.20555555555555557
PHerc0211__z12720_w080,PHerc0211,w080,8.09,,22.069366137186687,21.273609161376953,0.0,24,0.19444444444444445
PHerc0211__z9120_w060,PHerc0211,w060,6.36,,21.791311899820965,22.050365447998047,0.0,24,0.18333333333333335
PHerc0211__z13920_w080,PHerc0211,w080,8.0,reprova,21.6529115041097,19.164897918701172,0.0,24,0.17222222222222222
PHerc0211__z4320_w080,PHerc0211,w080,8.33,,21.419090906778973,20.84646224975586,0.0,24,0.16111111111111112
PHerc0211__z3712_w060,PHerc0211,w060,5.86,,21.31993039449056,21.78445053100586,0.0,24,0.15
PHerc0211__z4912_w060,PHerc0211,w060,6.3,,21.203341801961262,20.50967788696289,0.0,24,0.1388888888888889
PHerc0211__z10912_w060,PHerc0211,w060,6.23,,20.816020647684734,21.82187271118164,0.0,24,0.12777777777777777
PHerc0211__z7312_w060,PHerc0211,w060,6.42,,20.80607318878174,20.72393798828125,0.0,24,0.11666666666666665
PHerc0211__z12720_w060,PHerc0211,w060,6.03,,20.46203072865804,19.698379516601562,0.0,24,0.10555555555555556
PHerc0211__z5520_w060,PHerc0211,w060,6.26,,20.24555015563965,17.352489471435547,0.0,24,0.09444444444444444
PHerc0211__z6720_w060,PHerc0211,w060,6.43,parcial,19.80154546101888,18.346290588378906,0.0,24,0.08333333333333333
PHerc0211__z6112_w060,PHerc0211,w060,6.42,,19.66014003753662,17.751792907714844,0.0,24,0.07222222222222222
PHerc0211__z9712_w060,PHerc0211,w060,6.54,,19.1914218266805,18.248733520507812,0.0,24,0.06111111111111111
PHerc0211__z11520_w080,PHerc0211,w080,7.52,,18.935876210530598,18.17673110961914,0.0,24,0.05
PHerc0211__z3712_w040,PHerc0211,w040,3.98,,18.926051139831543,18.587623596191406,0.0,24,0.03888888888888889
PHerc0211__z3712_w020,PHerc0211,w020,1.98,aprova,18.62053934733073,17.366127014160156,0.0,24,0.02777777777777778
PHerc0211__z13312_w080,PHerc0211,w080,7.89,,18.112169583638508,16.427528381347656,0.0,24,0.016666666666666666
PHerc0211__z10912_w080,PHerc0211,w080,8.28,,17.612359046936035,16.921897888183594,0.0,24,0.005555555555555556
PHerc0257__z4352_w020,PHerc0257,w020,1.83,,27.7248592376709,27.027854919433594,0.0,24,0.9166666666666667
PHerc0257__z4352_w040,PHerc0257,w040,3.79,,24.40675099690755,24.431655883789062,0.0,24,0.75
PHerc0257__z3744_w020,PHerc0257,w020,1.86,,24.396917661031086,22.472488403320312,0.0,24,0.5833333333333334
PHerc0257__z3744_w040,PHerc0257,w040,3.63,,23.559495608011883,22.473651885986328,0.0,24,0.41666666666666663
PHerc0257__z3744_w060,PHerc0257,w060,5.58,,19.418192227681477,19.266399383544922,0.0,24,0.25
PHerc0257__z4352_w060,PHerc0257,w060,5.98,,19.21113046010335,17.468494415283203,0.0,24,0.08333333333333333
PHerc0268__z12272_w020,PHerc0268,w020,1.53,,28.707236856222153,26.591981887817383,0.08333333333333333,24,0.9166666666666667
PHerc0268__z12272_w040,PHerc0268,w040,3.23,,27.59393985072772,24.24773406982422,0.08333333333333333,24,0.75
PHerc0268__z12272_w060,PHerc0268,w060,4.85,,19.007828950881958,16.13549041748047,0.0,24,0.5833333333333334
PHerc0268__z3872_w020,PHerc0268,w020,1.68,,18.290076573689777,18.318408966064453,0.0,24,0.41666666666666663
PHerc0268__z3872_w040,PHerc0268,w040,3.37,,13.249892234802246,12.159698486328125,0.0,24,0.25
PHerc0268__z3872_w060,PHerc0268,w060,4.91,,12.462906201680502,11.752689361572266,0.0,24,0.08333333333333333
PHerc0358__z11280_w020,PHerc0358,w020,1.65,,43.66687329610189,40.9913215637207,0.0,24,0.8333333333333333
PHerc0358__z11280_w060,PHerc0358,w060,5.72,,42.85911226272583,35.900123596191406,0.0,24,0.5
PHerc0358__z11280_w040,PHerc0358,w040,3.71,,33.698057333628334,33.78914260864258,0.0,24,0.16666666666666666
PHerc0800__z14672_w100,PHerc0800,w100,8.97,,46.69258487224579,31.626636505126953,0.041666666666666664,24,0.9947368421052631
PHerc0800__z5664_w020,PHerc0800,w020,1.74,aprova,34.80627123514811,36.5642032623291,0.0,24,0.9842105263157895
PHerc0800__z12864_w100,PHerc0800,w100,8.55,,33.697153091430664,24.06775665283203,0.0,24,0.9736842105263158
PHerc0800__z9872_w020,PHerc0800,w020,1.88,aprova,31.844547271728516,31.73087501525879,0.0,24,0.9631578947368421
PHerc0800__z9264_w060,PHerc0800,w060,5.4,,31.501060009002686,28.962303161621094,0.0,24,0.9526315789473684
PHerc0800__z9264_w040,PHerc0800,w040,3.79,,31.31245517730713,31.685993194580078,0.0,24,0.9421052631578948
PHerc0800__z6272_w060,PHerc0800,w060,5.48,,31.296883900960285,31.15560531616211,0.0,24,0.9315789473684211
PHerc0800__z5664_w040,PHerc0800,w040,3.74,,31.195207118988037,29.709300994873047,0.0,24,0.9210526315789473
PHerc0800__z9264_w020,PHerc0800,w020,1.96,aprova,30.936203320821125,29.200550079345703,0.0,24,0.9105263157894737
PHerc0800__z11072_w060,PHerc0800,w060,5.36,,29.984756628672283,28.74878692626953,0.0,24,0.9
PHerc0800__z6272_w080,PHerc0800,w080,7.06,,29.901272773742676,29.392375946044922,0.0,24,0.8894736842105263
PHerc0800__z16464_w100,PHerc0800,w100,8.47,,29.81129135688146,20.233890533447266,0.041666666666666664,24,0.8789473684210527
PHerc0800__z11072_w040,PHerc0800,w040,3.69,aprova,29.46904404958089,29.19023895263672,0.0,24,0.868421052631579
PHerc0800__z11072_w020,PHerc0800,w020,1.99,aprova,29.426482995351154,29.002132415771484,0.0,24,0.8578947368421053
PHerc0800__z8672_w020,PHerc0800,w020,2.04,aprova,29.15825843811035,28.212604522705078,0.0,24,0.8473684210526315
PHerc0800__z10464_w060,PHerc0800,w060,5.52,,28.38467264175415,27.54669189453125,0.0,24,0.8368421052631579
PHerc0800__z9264_w080,PHerc0800,w080,7.05,,28.198965072631836,26.910099029541016,0.0,24,0.8263157894736842
PHerc0800__z15872_w100,PHerc0800,w100,9.08,,28.064098517100017,24.73651123046875,0.0,24,0.8157894736842105
PHerc0800__z11072_w080,PHerc0800,w080,6.86,,28.006326993306477,26.26995849609375,0.0,24,0.8052631578947369
PHerc0800__z8672_w040,PHerc0800,w040,3.85,aprova,27.965623537699383,27.070110321044922,0.0,24,0.7947368421052632
PHerc0800__z9872_w040,PHerc0800,w040,3.73,,27.689092953999836,27.95214080810547,0.0,24,0.7842105263157895
PHerc0800__z6272_w040,PHerc0800,w040,3.73,,27.12147601445516,25.504287719726562,0.0,24,0.7736842105263158
PHerc0800__z8064_w060,PHerc0800,w060,5.13,,27.065823554992676,29.321685791015625,0.0,24,0.7631578947368421
PHerc0800__z17072_w020,PHerc0800,w020,1.67,parcial,27.040561358133953,26.584228515625,0.0,24,0.7526315789473684
PHerc0800__z14064_w100,PHerc0800,w100,9.18,,26.79006716112296,20.561107635498047,0.041666666666666664,24,0.7421052631578947
PHerc0800__z12272_w080,PHerc0800,w080,7.05,,26.505760828653973,27.988391876220703,0.0,24,0.7315789473684211
PHerc0800__z10464_w040,PHerc0800,w040,3.89,,26.4972562789917,25.814067840576172,0.0,24,0.7210526315789474
PHerc0800__z9872_w060,PHerc0800,w060,5.41,,26.486515680948894,24.330032348632812,0.0,24,0.7105263157894737
PHerc0800__z9264_w100,PHerc0800,w100,8.55,,26.42788553237915,26.971065521240234,0.0,24,0.7000000000000001
PHerc0800__z10464_w020,PHerc0800,w020,1.93,,26.369279225667317,25.97005844116211,0.0,24,0.6894736842105263
PHerc0800__z6272_w020,PHerc0800,w020,1.85,parcial,26.14470688501994,24.917312622070312,0.0,24,0.6789473684210526
PHerc0800__z8672_w100,PHerc0800,w100,8.04,,26.13254515329997,21.49492645263672,0.0,24,0.6684210526315789
PHerc0800__z5664_w060,PHerc0800,w060,5.49,,25.959006945292156,26.19738006591797,0.0,24,0.6578947368421053
PHerc0800__z10464_w080,PHerc0800,w080,7.22,,25.85555585225423,25.95822525024414,0.0,24,0.6473684210526316
PHerc0800__z14064_w060,PHerc0800,w060,5.65,,25.603102842966717,23.71487808227539,0.0,24,0.6368421052631579
PHerc0800__z16464_w060,PHerc0800,w060,5.15,,25.474797248840332,22.326133728027344,0.0,24,0.6263157894736843
PHerc0800__z7472_w020,PHerc0800,w020,1.66,reprova,25.414193153381348,24.218368530273438,0.0,24,0.6157894736842106
PHerc0800__z12272_w020,PHerc0800,w020,1.95,aprova,25.261111577351887,23.914077758789062,0.0,24,0.6052631578947368
PHerc0800__z10464_w100,PHerc0800,w100,8.76,,25.23626645406087,25.347431182861328,0.0,24,0.5947368421052631
PHerc0800__z12272_w060,PHerc0800,w060,5.42,,25.225294431050617,24.020076751708984,0.0,24,0.5842105263157895
PHerc0800__z11072_w100,PHerc0800,w100,8.44,,25.16596508026123,23.554344177246094,0.0,24,0.5736842105263158
PHerc0800__z12272_w040,PHerc0800,w040,3.73,,24.863664309183758,25.05164337158203,0.0,24,0.5631578947368421
PHerc0800__z6272_w100,PHerc0800,w100,8.46,,24.690925280253094,23.336315155029297,0.0,24,0.5526315789473685
PHerc0800__z14064_w020,PHerc0800,w020,1.91,aprova,24.54194672902425,24.840450286865234,0.0,24,0.5421052631578948
PHerc0800__z17072_w040,PHerc0800,w040,3.26,,24.462878863016766,25.948978424072266,0.0,24,0.531578947368421
PHerc0800__z16464_w040,PHerc0800,w040,3.48,,24.45693238576253,23.01675033569336,0.0,24,0.5210526315789474
PHerc0800__z13472_w060,PHerc0800,w060,5.62,,24.452889283498127,24.160167694091797,0.0,24,0.5105263157894737
PHerc0800__z12864_w040,PHerc0800,w040,3.85,,24.36129967371623,24.266803741455078,0.0,24,0.5
PHerc0800__z8672_w080,PHerc0800,w080,6.93,,24.32453378041585,23.146286010742188,0.0,24,0.48947368421052634
PHerc0800__z9872_w100,PHerc0800,w100,8.69,,24.187106291453045,23.034839630126953,0.0,24,0.4789473684210526
PHerc0800__z15264_w100,PHerc0800,w100,8.93,aprova,24.16765018304189,21.046642303466797,0.041666666666666664,24,0.46842105263157896
PHerc0800__z8672_w060,PHerc0800,w060,5.43,,24.065812587738037,22.38896942138672,0.0,24,0.4578947368421053
PHerc0800__z6864_w080,PHerc0800,w080,6.85,,24.030789057413738,24.141429901123047,0.0,24,0.4473684210526316
PHerc0800__z5664_w100,PHerc0800,w100,8.48,,23.74861176808675,25.15612030029297,0.0,24,0.4368421052631579
PHerc0800__z9872_w080,PHerc0800,w080,7.12,,23.694482167561848,24.42929458618164,0.0,24,0.4263157894736842
PHerc0800__z6864_w060,PHerc0800,w060,5.38,reprova,23.581322352091473,21.56755828857422,0.0,24,0.41578947368421054
PHerc0800__z13472_w100,PHerc0800,w100,9.05,,23.501021087169647,22.841842651367188,0.041666666666666664,24,0.4052631578947369
PHerc0800__z14672_w020,PHerc0800,w020,1.78,aprova,23.361133575439453,22.38393783569336,0.0,24,0.39473684210526316
PHerc0800__z8064_w100,PHerc0800,w100,8.16,,23.24726454416911,20.932727813720703,0.0,24,0.3842105263157895
PHerc0800__z15264_w020,PHerc0800,w020,1.71,aprova,23.041838963826496,22.25311279296875,0.0,24,0.3736842105263158
PHerc0800__z13472_w020,PHerc0800,w020,1.86,aprova,22.639859835306805,22.794429779052734,0.0,24,0.3631578947368421
PHerc0800__z15872_w040,PHerc0800,w040,3.53,,22.503167470296223,22.285991668701172,0.0,24,0.35263157894736846
PHerc0800__z16464_w080,PHerc0800,w080,6.72,,22.462382316589355,20.122047424316406,0.0,24,0.34210526315789475
PHerc0800__z15872_w020,PHerc0800,w020,1.63,parcial,21.904478391011555,20.499290466308594,0.0,24,0.3315789473684211
PHerc0800__z5664_w080,PHerc0800,w080,6.98,,21.8460636138916,20.93698501586914,0.0,24,0.32105263157894737
PHerc0800__z8064_w020,PHerc0800,w020,1.69,reprova,21.84413464864095,19.930469512939453,0.0,24,0.3105263157894737
PHerc0800__z7472_w060,PHerc0800,w060,5.27,,21.792122681935627,18.66436004638672,0.0,24,0.3
PHerc0800__z16464_w020,PHerc0800,w020,1.58,aprova,21.758055369059246,20.625648498535156,0.0,24,0.2894736842105263
PHerc0800__z13472_w040,PHerc0800,w040,3.8,,21.742502848307293,22.711280822753906,0.0,24,0.27894736842105267
PHerc0800__z7472_w080,PHerc0800,w080,6.83,,21.702180862426758,21.427165985107422,0.0,24,0.26842105263157895
PHerc0800__z14064_w040,PHerc0800,w040,3.8,,21.604174931844074,21.056983947753906,0.0,24,0.2578947368421053
PHerc0800__z14064_w080,PHerc0800,w080,7.33,,21.49203936258952,21.437271118164062,0.0,24,0.24736842105263157
PHerc0800__z15264_w040,PHerc0800,w040,3.51,,21.33786900838216,20.196056365966797,0.0,24,0.23684210526315788
PHerc0800__z12864_w020,PHerc0800,w020,1.87,,21.10261631011963,18.553600311279297,0.0,24,0.2263157894736842
PHerc0800__z12864_w060,PHerc0800,w060,5.47,,21.076881726582844,21.567646026611328,0.0,24,0.2157894736842105
PHerc0800__z17072_w100,PHerc0800,w100,8.25,reprova,20.79869778951009,18.254131317138672,0.0,24,0.20526315789473684
PHerc0800__z7472_w100,PHerc0800,w100,8.36,,20.75721836090088,21.127979278564453,0.0,24,0.19473684210526315
PHerc0800__z15872_w060,PHerc0800,w060,5.33,,20.73350779215495,20.778522491455078,0.0,24,0.18421052631578946
PHerc0800__z6864_w020,PHerc0800,w020,1.78,parcial,20.696093559265137,18.79422378540039,0.0,24,0.17368421052631577
PHerc0800__z17072_w080,PHerc0800,w080,6.67,reprova,20.54740873972575,19.644519805908203,0.0,24,0.16315789473684209
PHerc0800__z12272_w100,PHerc0800,w100,8.84,,20.288297812143963,16.863399505615234,0.0,24,0.1526315789473684
PHerc0800__z15264_w060,PHerc0800,w060,5.04,,20.22782834370931,18.801624298095703,0.0,24,0.14210526315789473
PHerc0800__z17072_w060,PHerc0800,w060,4.76,,20.161006927490234,20.102031707763672,0.0,24,0.13157894736842105
PHerc0800__z12864_w080,PHerc0800,w080,7.11,,20.05667273203532,18.409751892089844,0.0,24,0.12105263157894737
PHerc0800__z8064_w080,PHerc0800,w080,6.72,,20.03203773498535,20.28445053100586,0.0,24,0.11052631578947368
PHerc0800__z6864_w040,PHerc0800,w040,3.71,,19.994947751363117,20.646194458007812,0.0,24,0.1
PHerc0800__z14672_w040,PHerc0800,w040,3.57,,19.780861218770344,20.208805084228516,0.0,24,0.08947368421052632
PHerc0800__z15872_w080,PHerc0800,w080,7.19,,19.761064847310383,19.117679595947266,0.0,24,0.07894736842105263
PHerc0800__z14672_w080,PHerc0800,w080,6.88,,19.460135142008465,16.845897674560547,0.0,24,0.06842105263157895
PHerc0800__z7472_w040,PHerc0800,w040,3.37,,19.415772438049316,19.81734848022461,0.0,24,0.05789473684210526
PHerc0800__z15264_w080,PHerc0800,w080,6.97,,18.728968620300293,14.851978302001953,0.0,24,0.04736842105263158
PHerc0800__z8064_w040,PHerc0800,w040,3.37,,18.158533096313477,17.420101165771484,0.0,24,0.0368421052631579
PHerc0800__z14672_w060,PHerc0800,w060,5.13,,17.916124661763508,18.164569854736328,0.0,24,0.02631578947368421
PHerc0800__z13472_w080,PHerc0800,w080,7.27,,17.796746571858723,16.111751556396484,0.0,24,0.015789473684210527
PHerc0800__z6864_w100,PHerc0800,w100,8.53,,17.186230023701984,17.846248626708984,0.0,24,0.005263157894736842
PHerc0813__z6496_w080,PHerc0813,w080,8.18,,48.923897395531334,45.297000885009766,0.041666666666666664,24,0.9933333333333334
PHerc0813__z8288_w020,PHerc0813,w020,1.78,aprova,47.07918278376261,46.30166435241699,0.0,24,0.9800000000000001
PHerc0813__z6496_w020,PHerc0813,w020,2.21,aprova,44.34837786356608,41.0391845703125,0.0,24,0.9666666666666667
PHerc0813__z7696_w020,PHerc0813,w020,1.81,aprova,43.49035310745239,44.011030197143555,0.0,24,0.9533333333333334
PHerc0813__z7104_w100,PHerc0813,w100,9.69,,42.316978787382446,23.377723693847656,0.041666666666666664,24,0.9400000000000001
PHerc0813__z6496_w060,PHerc0813,w060,6.02,reprova,38.90256150563558,35.06340026855469,0.0,24,0.9266666666666667
PHerc0813__z13088_w060,PHerc0813,w060,5.68,,38.393608729044594,36.473350524902344,0.0,24,0.9133333333333333
PHerc0813__z12496_w040,PHerc0813,w040,3.66,,38.00162283579508,36.16623878479004,0.0,24,0.9
PHerc0813__z13088_w040,PHerc0813,w040,3.45,,37.93425480524699,39.576011657714844,0.0,24,0.8866666666666667
PHerc0813__z11296_w020,PHerc0813,w020,1.72,aprova,36.86039320627848,37.7186336517334,0.0,24,0.8733333333333334
PHerc0813__z11904_w020,PHerc0813,w020,1.75,aprova,36.7062087059021,35.90713691711426,0.0,24,0.8600000000000001
PHerc0813__z9504_w040,PHerc0813,w040,4.22,,36.138707637786865,35.92164611816406,0.0,24,0.8466666666666667
PHerc0813__z14896_w020,PHerc0813,w020,1.81,reprova,36.02826976776123,35.388824462890625,0.0,24,0.8333333333333334
PHerc0813__z5888_w020,PHerc0813,w020,2.0,,35.956949392954506,32.74433135986328,0.0,24,0.8200000000000001
PHerc0813__z11904_w040,PHerc0813,w040,3.69,,35.44777965545654,35.29644012451172,0.0,24,0.8066666666666668
PHerc0813__z12496_w060,PHerc0813,w060,5.9,,35.379745165506996,34.6431770324707,0.0,24,0.7933333333333333
PHerc0813__z7104_w020,PHerc0813,w020,2.27,aprova,35.15377235412598,34.776058197021484,0.0,24,0.78
PHerc0813__z12496_w020,PHerc0813,w020,1.73,aprova,35.109341621398926,33.48497772216797,0.0,24,0.7666666666666667
PHerc0813__z13696_w060,PHerc0813,w060,5.78,,34.30379088719686,29.548728942871094,0.0,24,0.7533333333333334
PHerc0813__z11296_w100,PHerc0813,w100,10.15,reprova,34.26326974232992,30.365943908691406,0.0,24,0.74
PHerc0813__z4704_w100,PHerc0813,w100,9.85,reprova,34.005569299062095,22.756935119628906,0.0,24,0.7266666666666667
PHerc0813__z8288_w040,PHerc0813,w040,3.67,reprova,33.83529567718506,35.46621322631836,0.0,24,0.7133333333333334
PHerc0813__z5888_w100,PHerc0813,w100,9.94,,33.474440018335976,26.303268432617188,0.0,24,0.7000000000000001
PHerc0813__z14304_w020,PHerc0813,w020,2.02,parcial,33.092403411865234,33.089698791503906,0.0,24,0.6866666666666668
PHerc0813__z13696_w040,PHerc0813,w040,3.69,,32.87288125356039,32.85798645019531,0.0,24,0.6733333333333333
PHerc0813__z14896_w060,PHerc0813,w060,5.65,,32.647258599599205,30.361255645751953,0.0,24,0.66
PHerc0813__z8288_w080,PHerc0813,w080,7.53,,32.51731459299723,25.54079818725586,0.0,24,0.6466666666666667
PHerc0813__z11296_w060,PHerc0813,w060,5.67,,32.170958518981934,32.56822204589844,0.0,24,0.6333333333333334
PHerc0813__z7696_w080,PHerc0813,w080,7.4,,31.96275456746419,19.144527435302734,0.0,24,0.62
PHerc0813__z6496_w100,PHerc0813,w100,10.01,,31.56924851735433,25.737876892089844,0.0,24,0.6066666666666667
PHerc0813__z14304_w040,PHerc0813,w040,4.1,,31.463295300801594,29.658618927001953,0.0,24,0.5933333333333334
PHerc0813__z7696_w100,PHerc0813,w100,9.29,,31.167297889788944,21.456695556640625,0.041666666666666664,24,0.5800000000000001
PHerc0813__z6496_w040,PHerc0813,w040,4.27,,31.014812151590984,30.859874725341797,0.0,24,0.5666666666666668
PHerc0813__z5888_w040,PHerc0813,w040,4.24,,30.957582473754883,30.628265380859375,0.0,24,0.5533333333333333
PHerc0813__z11904_w060,PHerc0813,w060,5.92,,30.84788163503011,31.825870513916016,0.0,24,0.54
PHerc0813__z14304_w060,PHerc0813,w060,5.98,,30.50238100687663,30.191757202148438,0.0,24,0.5266666666666667
PHerc0813__z5888_w060,PHerc0813,w060,5.86,,30.216451009114582,25.103641510009766,0.0,24,0.5133333333333334
PHerc0813__z11296_w040,PHerc0813,w040,3.71,,30.146514733632404,31.109146118164062,0.0,24,0.5
PHerc0813__z7104_w060,PHerc0813,w060,5.99,,30.069228172302246,25.04108428955078,0.0,24,0.48666666666666664
PHerc0813__z13696_w020,PHerc0813,w020,1.78,aprova,30.009413242340088,30.467222213745117,0.0,24,0.47333333333333333
PHerc0813__z14896_w040,PHerc0813,w040,3.83,,29.748284180959065,29.336566925048828,0.0,24,0.45999999999999996
PHerc0813__z8288_w100,PHerc0813,w100,9.32,,29.6088205575943,24.50061798095703,0.0,24,0.44666666666666666
PHerc0813__z13696_w080,PHerc0813,w080,7.68,,29.605189323425293,29.840648651123047,0.0,24,0.43333333333333335
PHerc0813__z5296_w060,PHerc0813,w060,6.03,,28.836357752482098,23.706825256347656,0.0,24,0.42
PHerc0813__z9504_w060,PHerc0813,w060,6.08,,28.77387809753418,30.06279754638672,0.0,24,0.4066666666666667
PHerc0813__z13088_w020,PHerc0813,w020,1.73,aprova,28.68037494023641,27.67953872680664,0.0,24,0.3933333333333333
PHerc0813__z9504_w080,PHerc0813,w080,7.93,,27.96898953119914,26.85986328125,0.0,24,0.38
PHerc0813__z11904_w100,PHerc0813,w100,9.98,reprova,27.527043342590332,28.31855010986328,0.0,24,0.36666666666666664
PHerc0813__z5296_w040,PHerc0813,w040,4.28,,27.484449068705242,25.604625701904297,0.0,24,0.35333333333333333
PHerc0813__z7696_w040,PHerc0813,w040,3.69,,27.401899337768555,27.03854751586914,0.0,24,0.33999999999999997
PHerc0813__z13088_w100,PHerc0813,w100,9.93,reprova,27.37861506144206,24.9427490234375,0.0,24,0.32666666666666666
PHerc0813__z5888_w080,PHerc0813,w080,7.75,,27.191074053446453,21.34842300415039,0.0,24,0.3133333333333333
PHerc0813__z8288_w060,PHerc0813,w060,5.57,,27.105613708496094,24.207942962646484,0.0,24,0.3
PHerc0813__z13088_w080,PHerc0813,w080,7.88,,26.595336596171062,25.117637634277344,0.0,24,0.2866666666666667
PHerc0813__z9504_w020,PHerc0813,w020,1.48,reprova,26.326329390207928,26.567113876342773,0.0,24,0.2733333333333333
PHerc0813__z5296_w080,PHerc0813,w080,7.58,,26.253210703531902,21.40020751953125,0.0,24,0.26
PHerc0813__z14304_w080,PHerc0813,w080,8.06,,26.1047846476237,25.812271118164062,0.0,24,0.24666666666666665
PHerc0813__z14304_w100,PHerc0813,w100,9.58,aprova,26.099481741587322,23.14007568359375,0.0,24,0.2333333333333333
PHerc0813__z7104_w080,PHerc0813,w080,7.73,,25.89925479888916,19.35988998413086,0.0,24,0.22
PHerc0813__z5296_w100,PHerc0813,w100,9.64,,25.896631290515263,24.154308319091797,0.041666666666666664,24,0.20666666666666667
PHerc0813__z7104_w040,PHerc0813,w040,4.17,,25.640326499938965,25.46739959716797,0.0,24,0.19333333333333333
PHerc0813__z9504_w100,PHerc0813,w100,9.79,,25.639500339825947,22.646129608154297,0.0,24,0.18
PHerc0813__z12496_w080,PHerc0813,w080,7.87,,24.800343195597332,24.43198013305664,0.0,24,0.16666666666666666
PHerc0813__z11296_w080,PHerc0813,w080,7.66,,24.675146261850994,22.820858001708984,0.0,24,0.15333333333333332
PHerc0813__z14896_w080,PHerc0813,w080,7.49,aprova,24.59102503458659,22.850738525390625,0.0,24,0.13999999999999999
PHerc0813__z14896_w100,PHerc0813,w100,9.29,,24.532012502352398,21.50591278076172,0.041666666666666664,24,0.12666666666666665
PHerc0813__z11904_w080,PHerc0813,w080,8.15,reprova,24.13379128774007,22.820030212402344,0.0,24,0.11333333333333334
PHerc0813__z7696_w060,PHerc0813,w060,5.56,,23.997953097025555,19.49383544921875,0.0,24,0.1
PHerc0813__z4704_w060,PHerc0813,w060,6.25,,23.642769813537598,22.171401977539062,0.0,24,0.08666666666666667
PHerc0813__z13696_w100,PHerc0813,w100,9.4,,22.921514828999836,23.953014373779297,0.0,24,0.07333333333333333
PHerc0813__z12496_w100,PHerc0813,w100,10.18,reprova,21.977610905965168,20.599063873291016,0.0,24,0.060000000000000005
PHerc0813__z5296_w020,PHerc0813,w020,1.41,reprova,21.945133845011394,20.461292266845703,0.0,24,0.04666666666666667
PHerc0813__z4704_w020,PHerc0813,w020,1.5,reprova,21.50555419921875,19.568767547607422,0.0,24,0.03333333333333333
PHerc0813__z4704_w080,PHerc0813,w080,8.36,,20.638609568277996,17.98163604736328,0.0,24,0.02
PHerc0813__z4704_w040,PHerc0813,w040,4.09,,20.498562494913738,18.41762924194336,0.0,24,0.006666666666666667
PHerc0826__z6528_w060,PHerc0826,w060,7.14,,35.461126963297524,33.66497039794922,0.0,24,0.8333333333333333
PHerc0826__z6528_w020,PHerc0826,w020,2.16,,35.421353022257485,34.84334182739258,0.0,24,0.5
PHerc0826__z6528_w040,PHerc0826,w040,4.83,,28.415897369384766,28.67672348022461,0.0,24,0.16666666666666666
