scroll,window_z,wrap,area_cm2,n_comp_fwd,n_comp_rev,pitch_fwd_dark,pitch_rev_dark,pitch_fwd_light,pitch_rev_light,gate_verdict,path
PHerc0125,6336,w020,2.21,30,27,0.507,0.7035,0.6685,0.912,aprova,meshes/PHerc0125/z6336_w020
PHerc0125,6336,w040,4.34,55,47,0.3005,0.944,0.5775,0.667,,meshes/PHerc0125/z6336_w040
PHerc0125,6336,w060,6.55,69,81,0.6415,0.6795,0.9875,0.5095,,meshes/PHerc0125/z6336_w060
PHerc0125,6336,w080,8.15,100,134,0.9865,0.1035,0.6925,0.595,,meshes/PHerc0125/z6336_w080
PHerc0125,6336,w100,10.05,98,131,0.267,0.5395,0.4685,0.2305,,meshes/PHerc0125/z6336_w100
PHerc0125,6944,w020,2.16,36,29,0.4545,,0.021,0.959,aprova,meshes/PHerc0125/z6944_w020
PHerc0125,6944,w040,4.23,51,47,0.988,0.094,0.657,0.9275,,meshes/PHerc0125/z6944_w040
PHerc0125,6944,w060,6.25,84,96,0.148,0.4495,0.8175,0.6515,,meshes/PHerc0125/z6944_w060
PHerc0125,6944,w080,8.14,84,101,0.2305,0.4785,0.897,0.8325,reprova,meshes/PHerc0125/z6944_w080
PHerc0125,6944,w100,10.10,100,74,0.269,0.409,0.015,0.7025,,meshes/PHerc0125/z6944_w100
PHerc0125,8144,w020,2.30,39,24,0.1545,0.977,0.2675,0.479,aprova,meshes/PHerc0125/z8144_w020
PHerc0125,8144,w040,4.33,43,43,0.3915,0.077,0.39,0.327,,meshes/PHerc0125/z8144_w040
PHerc0125,8144,w060,6.22,91,79,0.702,0.5065,0.853,0.497,,meshes/PHerc0125/z8144_w060
PHerc0125,8144,w080,8.08,100,117,0.9515,0.064,0.656,0.812,,meshes/PHerc0125/z8144_w080
PHerc0125,8144,w100,9.84,111,125,0.131,0.338,0.084,0.725,,meshes/PHerc0125/z8144_w100
PHerc0125,8736,w020,2.38,44,43,0.744,0.877,0.651,0.532,,meshes/PHerc0125/z8736_w020
PHerc0125,8736,w040,4.38,40,44,0.8275,0.7725,0.8745,0.0915,,meshes/PHerc0125/z8736_w040
PHerc0125,8736,w060,6.42,69,89,0.1675,0.7475,0.4215,0.8845,,meshes/PHerc0125/z8736_w060
PHerc0125,8736,w080,8.16,96,118,0.4805,0.2735,0.8275,0.6445,,meshes/PHerc0125/z8736_w080
PHerc0125,8736,w100,10.04,116,117,0.794,0.167,0.2805,0.7185,,meshes/PHerc0125/z8736_w100
PHerc0125,9344,w020,2.32,30,34,0.378,0.2955,0.3095,0.279,reprova,meshes/PHerc0125/z9344_w020
PHerc0125,9344,w040,4.54,53,40,0.3125,0.784,0.936,0.598,,meshes/PHerc0125/z9344_w040
PHerc0125,9344,w060,6.68,95,83,0.9145,0.5875,0.1535,0.749,,meshes/PHerc0125/z9344_w060
PHerc0125,9344,w080,8.41,98,119,0.933,0.627,0.8285,0.9795,,meshes/PHerc0125/z9344_w080
PHerc0125,9344,w100,10.17,102,105,0.841,0.13,0.39,0.918,,meshes/PHerc0125/z9344_w100
PHerc0125,9936,w020,2.30,27,22,0.5645,0.5975,0.579,0.558,reprova,meshes/PHerc0125/z9936_w020
PHerc0125,9936,w040,4.58,44,40,0.301,0.662,0.353,0.2545,,meshes/PHerc0125/z9936_w040
PHerc0125,9936,w060,6.63,81,98,0.55,0.907,0.9825,0.007,aprova,meshes/PHerc0125/z9936_w060
PHerc0125,9936,w080,8.30,108,120,0.0365,0.6315,0.4095,0.3915,,meshes/PHerc0125/z9936_w080
PHerc0125,9936,w100,10.36,116,123,0.6945,0.9255,0.4415,0.79,,meshes/PHerc0125/z9936_w100
PHerc0125,10544,w020,2.44,30,27,,,0.6015,0.426,,meshes/PHerc0125/z10544_w020
PHerc0125,10544,w040,4.43,57,36,0.9855,0.73,0.2715,0.9355,,meshes/PHerc0125/z10544_w040
PHerc0125,10544,w060,6.67,111,118,0.209,0.995,0.281,0.2275,,meshes/PHerc0125/z10544_w060
PHerc0125,10544,w080,8.39,113,118,0.5465,0.7865,0.3,0.152,,meshes/PHerc0125/z10544_w080
PHerc0125,10544,w100,10.19,110,110,1.0,0.628,0.456,0.48,,meshes/PHerc0125/z10544_w100
PHerc0125,11744,w020,2.50,43,27,0.715,,0.713,0.19,parcial,meshes/PHerc0125/z11744_w020
PHerc0125,11744,w040,4.49,42,41,0.4285,0.9975,0.9765,0.42,,meshes/PHerc0125/z11744_w040
PHerc0125,11744,w060,6.75,66,54,0.514,0.0295,1.0,0.8565,,meshes/PHerc0125/z11744_w060
PHerc0125,11744,w080,8.32,85,84,0.846,0.9895,0.7655,0.867,,meshes/PHerc0125/z11744_w080
PHerc0125,11744,w100,10.29,85,109,0.2365,0.068,0.3605,0.802,,meshes/PHerc0125/z11744_w100
PHerc0125,14144,w020,2.31,38,22,0.389,,0.5845,0.2635,,meshes/PHerc0125/z14144_w020
PHerc0125,14144,w040,4.48,64,52,0.9435,0.9215,0.0675,0.477,,meshes/PHerc0125/z14144_w040
PHerc0125,14144,w060,6.81,57,68,0.544,0.92,0.9245,0.107,,meshes/PHerc0125/z14144_w060
PHerc0125,14144,w080,8.60,125,152,0.6115,0.366,0.8675,0.274,,meshes/PHerc0125/z14144_w080
PHerc0125,14144,w100,10.28,79,83,0.6425,0.944,0.8875,0.8605,,meshes/PHerc0125/z14144_w100
PHerc0125,14736,w020,2.44,41,29,0.836,,0.9085,0.867,aprova,meshes/PHerc0125/z14736_w020
PHerc0125,14736,w040,4.65,58,40,0.656,0.8605,0.6795,0.4195,,meshes/PHerc0125/z14736_w040
PHerc0125,14736,w060,6.67,80,87,0.26,0.959,0.314,0.931,,meshes/PHerc0125/z14736_w060
PHerc0125,14736,w080,8.55,117,114,0.0475,0.2785,0.834,0.3475,,meshes/PHerc0125/z14736_w080
PHerc0125,14736,w100,10.19,75,76,0.263,0.1895,0.537,0.717,,meshes/PHerc0125/z14736_w100
PHerc0125,15344,w020,2.51,,,,,,,,meshes/PHerc0125/z15344_w020
PHerc0125,15344,w040,4.75,,,,,,,,meshes/PHerc0125/z15344_w040
PHerc0125,16544,w020,2.54,35,29,,0.8015,0.2,0.346,aprova,meshes/PHerc0125/z16544_w020
PHerc0125,16544,w040,4.74,62,52,0.3065,0.624,0.3735,0.5865,,meshes/PHerc0125/z16544_w040
PHerc0125,16544,w060,6.84,52,50,0.62,0.5495,0.6855,0.7485,,meshes/PHerc0125/z16544_w060
PHerc0125,16544,w080,8.47,83,67,0.996,0.493,0.481,0.2635,,meshes/PHerc0125/z16544_w080
PHerc0125,16544,w100,9.89,65,62,0.747,0.0275,0.76,0.2005,parcial,meshes/PHerc0125/z16544_w100
PHerc0125,17136,w020,2.31,28,30,0.177,0.179,0.316,0.7295,reprova,meshes/PHerc0125/z17136_w020
PHerc0125,17136,w040,4.44,63,59,0.39,0.586,0.3145,0.9665,,meshes/PHerc0125/z17136_w040
PHerc0125,17136,w060,6.54,62,62,0.2875,0.886,0.097,0.929,,meshes/PHerc0125/z17136_w060
PHerc0125,17136,w080,8.30,104,111,0.1345,0.7465,0.8425,0.7325,,meshes/PHerc0125/z17136_w080
PHerc0125,17136,w100,10.05,86,81,0.111,0.0005,0.3025,0.232,,meshes/PHerc0125/z17136_w100
PHerc0211,3712,w020,1.98,28,20,0.846,0.193,0.7655,0.279,aprova,meshes/PHerc0211/z3712_w020
PHerc0211,3712,w040,3.98,67,55,0.901,0.9355,0.926,0.5225,,meshes/PHerc0211/z3712_w040
PHerc0211,3712,w060,5.86,88,74,0.0375,0.514,0.5695,0.985,,meshes/PHerc0211/z3712_w060
PHerc0211,3712,w080,7.37,89,93,0.25,0.788,0.2915,0.355,,meshes/PHerc0211/z3712_w080
PHerc0211,3712,w100,8.61,151,141,0.855,0.294,0.699,0.3215,,meshes/PHerc0211/z3712_w100
PHerc0211,4320,w020,1.90,21,14,0.4725,,0.442,0.431,reprova,meshes/PHerc0211/z4320_w020
PHerc0211,4320,w040,3.89,45,46,0.9335,0.091,0.1,0.6535,,meshes/PHerc0211/z4320_w040
PHerc0211,4320,w060,6.14,81,70,0.0335,0.9515,0.9775,0.5705,,meshes/PHerc0211/z4320_w060
PHerc0211,4320,w080,8.33,151,141,0.02,0.365,0.8235,0.877,,meshes/PHerc0211/z4320_w080
PHerc0211,4320,w100,10.06,82,84,0.8605,0.25,0.4115,0.187,,meshes/PHerc0211/z4320_w100
PHerc0211,4912,w020,2.01,28,14,0.521,0.607,0.7,0.824,aprova,meshes/PHerc0211/z4912_w020
PHerc0211,4912,w040,4.10,48,29,0.267,0.278,0.4715,0.847,,meshes/PHerc0211/z4912_w040
PHerc0211,4912,w060,6.30,78,78,0.685,0.823,0.2195,0.0455,,meshes/PHerc0211/z4912_w060
PHerc0211,4912,w080,8.46,114,131,0.2305,0.673,0.95,0.7745,reprova,meshes/PHerc0211/z4912_w080
PHerc0211,4912,w100,9.77,87,86,0.8825,0.722,0.511,0.2235,,meshes/PHerc0211/z4912_w100
PHerc0211,5520,w020,1.87,36,19,0.2405,,0.145,0.269,aprova,meshes/PHerc0211/z5520_w020
PHerc0211,5520,w040,3.99,66,37,0.809,0.768,0.9505,0.5435,,meshes/PHerc0211/z5520_w040
PHerc0211,5520,w060,6.26,65,46,0.9295,0.0975,0.8785,0.3095,,meshes/PHerc0211/z5520_w060
PHerc0211,5520,w080,8.62,155,147,0.2435,0.2305,0.6335,0.562,,meshes/PHerc0211/z5520_w080
PHerc0211,5520,w100,9.75,58,70,0.2135,0.542,0.3315,0.4205,,meshes/PHerc0211/z5520_w100
PHerc0211,6112,w020,1.95,39,17,0.9455,0.519,0.3495,0.459,aprova,meshes/PHerc0211/z6112_w020
PHerc0211,6112,w040,4.10,48,30,0.703,0.472,0.3775,0.0425,,meshes/PHerc0211/z6112_w040
PHerc0211,6112,w060,6.42,65,57,0.6895,0.546,0.786,0.705,,meshes/PHerc0211/z6112_w060
PHerc0211,6112,w080,8.72,160,158,0.72,0.927,0.7225,0.281,parcial,meshes/PHerc0211/z6112_w080
PHerc0211,6112,w100,9.50,63,61,0.698,0.1725,0.94,0.9715,,meshes/PHerc0211/z6112_w100
PHerc0211,6720,w020,1.96,36,20,0.5675,0.4455,0.594,0.5015,aprova,meshes/PHerc0211/z6720_w020
PHerc0211,6720,w040,4.17,43,40,0.305,0.152,0.6875,0.9885,,meshes/PHerc0211/z6720_w040
PHerc0211,6720,w060,6.43,56,65,0.643,0.376,0.797,0.001,parcial,meshes/PHerc0211/z6720_w060
PHerc0211,6720,w080,8.65,133,121,0.045,0.2105,0.6115,0.771,,meshes/PHerc0211/z6720_w080
PHerc0211,6720,w100,9.28,16,19,,,0.94,0.6045,reprova,meshes/PHerc0211/z6720_w100
PHerc0211,7312,w020,1.97,,,,,,,,meshes/PHerc0211/z7312_w020
PHerc0211,7312,w040,4.10,,,,,,,,meshes/PHerc0211/z7312_w040
PHerc0211,7312,w060,6.42,,,,,,,,meshes/PHerc0211/z7312_w060
PHerc0211,7312,w080,8.59,,,,,,,,meshes/PHerc0211/z7312_w080
PHerc0211,7312,w100,9.30,,,,,,,,meshes/PHerc0211/z7312_w100
PHerc0211,7920,w020,1.85,42,29,0.832,0.4345,0.736,0.4405,aprova,meshes/PHerc0211/z7920_w020
PHerc0211,7920,w040,3.90,48,42,0.982,0.5385,0.5365,0.629,,meshes/PHerc0211/z7920_w040
PHerc0211,7920,w060,6.23,66,55,0.583,0.654,0.288,0.705,,meshes/PHerc0211/z7920_w060
PHerc0211,7920,w080,8.31,156,128,0.869,0.5315,0.0065,0.3515,,meshes/PHerc0211/z7920_w080
PHerc0211,7920,w100,9.35,39,45,0.928,,0.8905,0.8005,,meshes/PHerc0211/z7920_w100
PHerc0211,9120,w020,2.09,36,40,0.3185,0.6855,0.881,0.853,aprova,meshes/PHerc0211/z9120_w020
PHerc0211,9120,w040,4.16,61,44,0.037,0.689,0.431,0.071,,meshes/PHerc0211/z9120_w040
PHerc0211,9120,w060,6.36,65,55,0.363,0.521,0.476,0.506,,meshes/PHerc0211/z9120_w060
PHerc0211,9120,w080,8.78,144,152,0.99,0.329,0.79,0.426,,meshes/PHerc0211/z9120_w080
PHerc0211,9120,w100,9.37,13,7,,,0.987,0.8795,reprova,meshes/PHerc0211/z9120_w100
PHerc0211,9712,w020,2.07,,,,,,,,meshes/PHerc0211/z9712_w020
PHerc0211,9712,w040,4.41,,,,,,,,meshes/PHerc0211/z9712_w040
PHerc0211,9712,w060,6.54,,,,,,,,meshes/PHerc0211/z9712_w060
PHerc0211,9712,w080,9.35,,,,,,,,meshes/PHerc0211/z9712_w080
PHerc0211,9712,w100,9.57,,,,,,,,meshes/PHerc0211/z9712_w100
PHerc0211,10320,w020,2.25,35,20,0.6255,0.34,0.516,0.3385,aprova,meshes/PHerc0211/z10320_w020
PHerc0211,10320,w040,4.58,81,50,0.8615,0.4875,0.25,0.5415,,meshes/PHerc0211/z10320_w040
PHerc0211,10320,w060,6.57,79,69,0.4885,0.4455,0.3025,0.809,,meshes/PHerc0211/z10320_w060
PHerc0211,10320,w080,8.65,101,115,0.7075,0.401,0.0565,0.5125,,meshes/PHerc0211/z10320_w080
PHerc0211,10320,w100,9.86,54,75,0.037,0.923,0.995,0.3015,,meshes/PHerc0211/z10320_w100
PHerc0211,10912,w020,2.20,37,28,0.3025,0.2825,0.036,0.8925,reprova,meshes/PHerc0211/z10912_w020
PHerc0211,10912,w040,4.26,65,38,0.819,0.304,0.789,0.8465,,meshes/PHerc0211/z10912_w040
PHerc0211,10912,w060,6.23,88,66,0.7355,0.814,0.629,0.967,,meshes/PHerc0211/z10912_w060
PHerc0211,10912,w080,8.28,108,88,0.663,0.6655,0.882,0.693,,meshes/PHerc0211/z10912_w080
PHerc0211,10912,w100,10.03,104,141,0.9805,0.502,0.9935,0.199,,meshes/PHerc0211/z10912_w100
PHerc0211,11520,w020,1.97,41,22,0.492,,0.687,0.333,aprova,meshes/PHerc0211/z11520_w020
PHerc0211,11520,w040,3.88,56,43,0.6855,0.359,0.0415,0.4085,reprova,meshes/PHerc0211/z11520_w040
PHerc0211,11520,w060,5.59,84,88,0.522,0.681,0.9105,0.4385,,meshes/PHerc0211/z11520_w060
PHerc0211,11520,w080,7.52,110,125,0.409,0.9195,0.829,0.5645,,meshes/PHerc0211/z11520_w080
PHerc0211,11520,w100,9.47,140,123,0.1955,0.8375,0.992,0.074,,meshes/PHerc0211/z11520_w100
PHerc0211,12112,w020,1.67,37,31,0.3445,0.4445,0.6855,0.741,reprova,meshes/PHerc0211/z12112_w020
PHerc0211,12112,w040,3.80,71,57,0.849,0.2955,0.2945,0.6265,,meshes/PHerc0211/z12112_w040
PHerc0211,12112,w060,5.60,94,98,0.2085,0.2365,0.049,0.4285,,meshes/PHerc0211/z12112_w060
PHerc0211,12112,w080,7.28,134,146,0.913,0.992,0.9815,0.7935,,meshes/PHerc0211/z12112_w080
PHerc0211,12112,w100,9.31,107,114,0.428,0.94,0.8435,0.92,,meshes/PHerc0211/z12112_w100
PHerc0211,12720,w020,2.19,35,41,,0.583,0.709,0.7455,reprova,meshes/PHerc0211/z12720_w020
PHerc0211,12720,w040,4.07,82,79,0.375,0.372,0.226,0.076,,meshes/PHerc0211/z12720_w040
PHerc0211,12720,w060,6.03,106,84,0.0495,0.3275,0.4325,0.912,,meshes/PHerc0211/z12720_w060
PHerc0211,12720,w080,8.09,157,142,0.459,0.825,0.298,0.069,,meshes/PHerc0211/z12720_w080
PHerc0211,12720,w100,10.53,134,159,0.211,0.0165,0.8795,0.9715,,meshes/PHerc0211/z12720_w100
PHerc0211,13312,w020,1.84,26,28,,0.646,0.2745,0.7105,reprova,meshes/PHerc0211/z13312_w020
PHerc0211,13312,w040,3.80,65,68,0.8335,0.732,0.6495,0.2435,,meshes/PHerc0211/z13312_w040
PHerc0211,13312,w060,5.90,90,90,0.463,0.9335,0.248,0.705,,meshes/PHerc0211/z13312_w060
PHerc0211,13312,w080,7.89,156,152,0.452,0.3685,0.39,0.9765,,meshes/PHerc0211/z13312_w080
PHerc0211,13312,w100,9.79,171,137,0.3975,0.7495,0.0565,0.82,,meshes/PHerc0211/z13312_w100
PHerc0211,13920,w020,1.64,11,16,,0.7065,0.6445,0.6185,aprova,meshes/PHerc0211/z13920_w020
PHerc0211,13920,w040,3.75,54,59,0.467,0.385,0.8035,0.789,,meshes/PHerc0211/z13920_w040
PHerc0211,13920,w060,5.92,133,119,0.447,0.502,0.9445,0.7245,,meshes/PHerc0211/z13920_w060
PHerc0211,13920,w080,8.00,159,161,0.8455,0.9875,0.612,0.089,reprova,meshes/PHerc0211/z13920_w080
PHerc0211,13920,w100,9.65,157,151,0.5245,0.8285,0.298,0.377,,meshes/PHerc0211/z13920_w100
PHerc0211,14512,w020,1.70,22,21,0.6295,0.3415,0.31,0.9885,parcial,meshes/PHerc0211/z14512_w020
PHerc0211,14512,w040,3.69,61,56,0.7305,0.54,0.1005,0.945,,meshes/PHerc0211/z14512_w040
PHerc0211,14512,w060,5.93,103,124,0.315,0.4625,0.457,0.627,,meshes/PHerc0211/z14512_w060
PHerc0211,14512,w080,7.75,150,175,0.657,0.882,0.919,0.5605,parcial,meshes/PHerc0211/z14512_w080
PHerc0211,14512,w100,9.36,150,168,0.07,0.1995,0.95,0.0745,parcial,meshes/PHerc0211/z14512_w100
PHerc0257,3744,w020,1.86,27,26,0.0945,,0.945,0.6295,,meshes/PHerc0257/z3744_w020
PHerc0257,3744,w040,3.63,38,49,0.9375,0.8245,0.626,0.5535,,meshes/PHerc0257/z3744_w040
PHerc0257,3744,w060,5.58,82,73,0.4795,0.7995,0.37,0.1005,,meshes/PHerc0257/z3744_w060
PHerc0257,4352,w020,1.83,16,12,0.4645,,0.7865,0.7445,,meshes/PHerc0257/z4352_w020
PHerc0257,4352,w040,3.79,49,73,0.5035,0.3015,0.2095,0.906,,meshes/PHerc0257/z4352_w040
PHerc0257,4352,w060,5.98,72,97,0.675,0.907,0.896,0.827,,meshes/PHerc0257/z4352_w060
PHerc0268,3872,w020,1.68,33,23,,,0.4045,0.5875,,meshes/PHerc0268/z3872_w020
PHerc0268,3872,w040,3.37,45,51,0.4605,0.451,0.895,0.9645,,meshes/PHerc0268/z3872_w040
PHerc0268,3872,w060,4.91,65,68,0.486,0.17,0.7505,0.1185,,meshes/PHerc0268/z3872_w060
PHerc0268,12272,w020,1.53,27,22,0.7055,,0.844,0.8595,,meshes/PHerc0268/z12272_w020
PHerc0268,12272,w040,3.23,39,44,0.167,0.4385,0.701,0.286,,meshes/PHerc0268/z12272_w040
PHerc0268,12272,w060,4.85,68,54,0.9515,0.991,0.9335,0.546,,meshes/PHerc0268/z12272_w060
PHerc0358,11280,w020,1.65,41,38,0.531,1.0,0.1725,0.7605,,meshes/PHerc0358/z11280_w020
PHerc0358,11280,w040,3.71,74,66,0.0725,0.795,0.0405,0.909,,meshes/PHerc0358/z11280_w040
PHerc0358,11280,w060,5.72,93,76,0.6325,0.2065,0.147,0.707,,meshes/PHerc0358/z11280_w060
PHerc0800,5664,w020,1.74,33,26,0.2955,0.5185,0.8765,0.044,aprova,meshes/PHerc0800/z5664_w020
PHerc0800,5664,w040,3.74,37,40,0.606,0.4245,0.941,0.8265,,meshes/PHerc0800/z5664_w040
PHerc0800,5664,w060,5.49,84,80,0.3025,0.2515,0.438,0.6535,,meshes/PHerc0800/z5664_w060
PHerc0800,5664,w080,6.98,113,85,0.3895,0.379,0.2205,0.5465,,meshes/PHerc0800/z5664_w080
PHerc0800,5664,w100,8.48,108,107,0.4185,0.768,0.5755,0.9795,,meshes/PHerc0800/z5664_w100
PHerc0800,6272,w020,1.85,25,23,0.029,0.6975,0.4625,0.4145,parcial,meshes/PHerc0800/z6272_w020
PHerc0800,6272,w040,3.73,44,53,0.319,0.7875,0.945,0.349,,meshes/PHerc0800/z6272_w040
PHerc0800,6272,w060,5.48,85,69,0.6025,0.7405,0.81,0.834,,meshes/PHerc0800/z6272_w060
PHerc0800,6272,w080,7.06,114,102,0.8435,0.6465,0.811,0.097,,meshes/PHerc0800/z6272_w080
PHerc0800,6272,w100,8.46,121,120,0.3505,0.946,0.8375,0.618,,meshes/PHerc0800/z6272_w100
PHerc0800,6864,w020,1.78,14,24,,0.5495,0.494,0.1145,parcial,meshes/PHerc0800/z6864_w020
PHerc0800,6864,w040,3.71,49,35,0.2055,0.547,0.6985,0.2695,,meshes/PHerc0800/z6864_w040
PHerc0800,6864,w060,5.38,53,51,0.982,0.824,0.95,0.785,reprova,meshes/PHerc0800/z6864_w060
PHerc0800,6864,w080,6.85,73,74,0.6625,0.4555,0.943,0.8595,,meshes/PHerc0800/z6864_w080
PHerc0800,6864,w100,8.53,113,108,0.702,0.9835,0.872,0.6325,,meshes/PHerc0800/z6864_w100
PHerc0800,7472,w020,1.66,32,31,0.4225,0.1915,0.703,0.782,reprova,meshes/PHerc0800/z7472_w020
PHerc0800,7472,w040,3.37,56,48,0.7395,0.295,0.2535,0.831,,meshes/PHerc0800/z7472_w040
PHerc0800,7472,w060,5.27,92,79,0.6525,0.6105,0.803,0.8655,,meshes/PHerc0800/z7472_w060
PHerc0800,7472,w080,6.83,95,84,0.8005,0.9415,0.87,0.449,,meshes/PHerc0800/z7472_w080
PHerc0800,7472,w100,8.36,110,100,0.5595,0.52,0.113,0.4,,meshes/PHerc0800/z7472_w100
PHerc0800,8064,w020,1.69,22,13,0.4925,,0.658,0.9565,reprova,meshes/PHerc0800/z8064_w020
PHerc0800,8064,w040,3.37,29,33,0.146,0.4395,0.334,0.4035,,meshes/PHerc0800/z8064_w040
PHerc0800,8064,w060,5.13,51,48,0.1315,0.548,0.812,0.8025,,meshes/PHerc0800/z8064_w060
PHerc0800,8064,w080,6.72,88,74,0.9455,0.875,0.309,0.022,,meshes/PHerc0800/z8064_w080
PHerc0800,8064,w100,8.16,116,126,0.531,0.754,0.213,0.993,,meshes/PHerc0800/z8064_w100
PHerc0800,8672,w020,2.04,19,25,0.218,0.2555,0.784,0.4645,aprova,meshes/PHerc0800/z8672_w020
PHerc0800,8672,w040,3.85,59,67,0.625,0.7175,0.574,0.9355,aprova,meshes/PHerc0800/z8672_w040
PHerc0800,8672,w060,5.43,48,49,0.581,0.971,0.653,0.923,,meshes/PHerc0800/z8672_w060
PHerc0800,8672,w080,6.93,71,66,0.2345,0.896,0.955,0.345,,meshes/PHerc0800/z8672_w080
PHerc0800,8672,w100,8.04,116,108,0.496,0.936,0.286,0.395,,meshes/PHerc0800/z8672_w100
PHerc0800,9264,w020,1.96,25,25,,0.069,0.9155,0.971,aprova,meshes/PHerc0800/z9264_w020
PHerc0800,9264,w040,3.79,66,39,0.579,0.5065,0.301,0.7315,,meshes/PHerc0800/z9264_w040
PHerc0800,9264,w060,5.40,83,73,0.9975,0.742,0.064,0.725,,meshes/PHerc0800/z9264_w060
PHerc0800,9264,w080,7.05,79,85,0.682,0.6405,1.0,0.292,,meshes/PHerc0800/z9264_w080
PHerc0800,9264,w100,8.55,108,109,0.6915,0.8345,0.938,0.9525,,meshes/PHerc0800/z9264_w100
PHerc0800,9872,w020,1.88,15,40,,0.595,0.6245,0.28,aprova,meshes/PHerc0800/z9872_w020
PHerc0800,9872,w040,3.73,49,42,0.148,0.7845,0.2035,0.605,,meshes/PHerc0800/z9872_w040
PHerc0800,9872,w060,5.41,76,61,0.7015,0.843,0.072,0.9745,,meshes/PHerc0800/z9872_w060
PHerc0800,9872,w080,7.12,74,84,0.2405,0.908,0.764,0.9635,,meshes/PHerc0800/z9872_w080
PHerc0800,9872,w100,8.69,104,88,0.7425,0.7455,0.2885,0.7185,,meshes/PHerc0800/z9872_w100
PHerc0800,10464,w020,1.93,,,,,,,,meshes/PHerc0800/z10464_w020
PHerc0800,10464,w040,3.89,,,,,,,,meshes/PHerc0800/z10464_w040
PHerc0800,10464,w060,5.52,,,,,,,,meshes/PHerc0800/z10464_w060
PHerc0800,10464,w080,7.22,,,,,,,,meshes/PHerc0800/z10464_w080
PHerc0800,10464,w100,8.76,,,,,,,,meshes/PHerc0800/z10464_w100
PHerc0800,11072,w020,1.99,8,27,,0.0855,0.4885,0.774,aprova,meshes/PHerc0800/z11072_w020
PHerc0800,11072,w040,3.69,39,53,0.037,0.621,0.8845,0.943,aprova,meshes/PHerc0800/z11072_w040
PHerc0800,11072,w060,5.36,64,72,0.588,0.758,0.838,1.0,,meshes/PHerc0800/z11072_w060
PHerc0800,11072,w080,6.86,78,93,0.773,0.4975,0.992,0.065,,meshes/PHerc0800/z11072_w080
PHerc0800,11072,w100,8.44,91,96,0.679,0.9295,0.713,0.874,,meshes/PHerc0800/z11072_w100
PHerc0800,12272,w020,1.95,20,20,0.96,,0.5655,0.0135,aprova,meshes/PHerc0800/z12272_w020
PHerc0800,12272,w040,3.73,49,40,0.5765,0.6595,0.1355,0.9055,,meshes/PHerc0800/z12272_w040
PHerc0800,12272,w060,5.42,68,55,0.955,0.2185,0.9305,0.14,,meshes/PHerc0800/z12272_w060
PHerc0800,12272,w080,7.05,81,90,0.4455,0.465,0.8495,0.604,,meshes/PHerc0800/z12272_w080
PHerc0800,12272,w100,8.84,94,113,0.2475,0.724,0.1975,0.5995,,meshes/PHerc0800/z12272_w100
PHerc0800,12864,w020,1.87,,,,,,,,meshes/PHerc0800/z12864_w020
PHerc0800,12864,w040,3.85,,,,,,,,meshes/PHerc0800/z12864_w040
PHerc0800,12864,w060,5.47,,,,,,,,meshes/PHerc0800/z12864_w060
PHerc0800,12864,w080,7.11,,,,,,,,meshes/PHerc0800/z12864_w080
PHerc0800,12864,w100,8.55,,,,,,,,meshes/PHerc0800/z12864_w100
PHerc0800,13472,w020,1.86,23,24,,0.9405,0.391,0.3885,aprova,meshes/PHerc0800/z13472_w020
PHerc0800,13472,w040,3.80,40,39,0.692,0.8845,0.987,0.4935,,meshes/PHerc0800/z13472_w040
PHerc0800,13472,w060,5.62,65,54,0.9335,0.584,0.8505,0.4645,,meshes/PHerc0800/z13472_w060
PHerc0800,13472,w080,7.27,104,92,0.149,0.2285,0.859,0.4645,,meshes/PHerc0800/z13472_w080
PHerc0800,13472,w100,9.05,69,88,0.36,0.303,0.853,0.8635,,meshes/PHerc0800/z13472_w100
PHerc0800,14064,w020,1.91,20,16,,,0.395,0.5945,aprova,meshes/PHerc0800/z14064_w020
PHerc0800,14064,w040,3.80,51,48,0.639,0.3695,0.901,0.947,,meshes/PHerc0800/z14064_w040
PHerc0800,14064,w060,5.65,70,67,0.535,0.3465,0.3885,0.6655,,meshes/PHerc0800/z14064_w060
PHerc0800,14064,w080,7.33,110,106,0.174,0.674,0.6065,0.9305,,meshes/PHerc0800/z14064_w080
PHerc0800,14064,w100,9.18,92,89,0.384,0.35,0.183,0.323,,meshes/PHerc0800/z14064_w100
PHerc0800,14672,w020,1.78,13,22,,0.784,0.647,0.361,aprova,meshes/PHerc0800/z14672_w020
PHerc0800,14672,w040,3.57,37,37,0.213,0.532,0.9785,0.6535,,meshes/PHerc0800/z14672_w040
PHerc0800,14672,w060,5.13,49,37,0.1645,0.277,0.7345,0.4235,,meshes/PHerc0800/z14672_w060
PHerc0800,14672,w080,6.88,80,82,0.0435,0.48,0.831,0.3075,,meshes/PHerc0800/z14672_w080
PHerc0800,14672,w100,8.97,93,86,0.5265,0.893,0.998,0.1405,,meshes/PHerc0800/z14672_w100
PHerc0800,15264,w020,1.71,10,22,0.503,,0.289,0.472,aprova,meshes/PHerc0800/z15264_w020
PHerc0800,15264,w040,3.51,40,38,0.157,0.8205,0.926,0.545,,meshes/PHerc0800/z15264_w040
PHerc0800,15264,w060,5.04,54,59,0.7505,0.408,0.812,0.7625,,meshes/PHerc0800/z15264_w060
PHerc0800,15264,w080,6.97,93,83,0.182,0.25,0.903,0.156,,meshes/PHerc0800/z15264_w080
PHerc0800,15264,w100,8.93,109,97,0.097,0.5825,0.4345,0.054,aprova,meshes/PHerc0800/z15264_w100
PHerc0800,15872,w020,1.63,16,7,0.1345,,0.45,0.514,parcial,meshes/PHerc0800/z15872_w020
PHerc0800,15872,w040,3.53,35,35,0.225,0.893,0.154,0.905,,meshes/PHerc0800/z15872_w040
PHerc0800,15872,w060,5.33,67,53,0.972,0.0945,0.678,0.972,,meshes/PHerc0800/z15872_w060
PHerc0800,15872,w080,7.19,112,105,0.9355,0.963,0.2255,0.151,,meshes/PHerc0800/z15872_w080
PHerc0800,15872,w100,9.08,132,136,0.2585,0.2115,0.458,0.6185,,meshes/PHerc0800/z15872_w100
PHerc0800,16464,w020,1.58,19,15,,,0.975,0.409,aprova,meshes/PHerc0800/z16464_w020
PHerc0800,16464,w040,3.48,32,27,0.6065,0.29,0.8935,0.116,,meshes/PHerc0800/z16464_w040
PHerc0800,16464,w060,5.15,90,78,0.0725,0.468,0.806,0.918,,meshes/PHerc0800/z16464_w060
PHerc0800,16464,w080,6.72,125,98,0.1265,0.7075,0.659,0.962,,meshes/PHerc0800/z16464_w080
PHerc0800,16464,w100,8.47,153,153,0.5825,0.6175,0.9765,0.8805,,meshes/PHerc0800/z16464_w100
PHerc0800,17072,w020,1.67,29,24,0.8595,0.961,0.2095,0.767,parcial,meshes/PHerc0800/z17072_w020
PHerc0800,17072,w040,3.26,55,34,0.8685,0.6665,0.1455,0.242,,meshes/PHerc0800/z17072_w040
PHerc0800,17072,w060,4.76,101,87,0.3645,0.59,0.472,0.0435,,meshes/PHerc0800/z17072_w060
PHerc0800,17072,w080,6.67,131,136,0.8,0.501,0.3885,0.6535,reprova,meshes/PHerc0800/z17072_w080
PHerc0800,17072,w100,8.25,178,147,0.059,0.197,0.316,0.1435,reprova,meshes/PHerc0800/z17072_w100
PHerc0813,4704,w020,1.50,28,32,,0.751,0.9125,0.9685,reprova,meshes/PHerc0813/z4704_w020
PHerc0813,4704,w040,4.09,74,67,0.3755,0.335,0.8685,0.9855,,meshes/PHerc0813/z4704_w040
PHerc0813,4704,w060,6.25,131,133,0.5535,0.948,0.966,0.821,,meshes/PHerc0813/z4704_w060
PHerc0813,4704,w080,8.36,131,127,0.132,0.353,0.7745,0.232,,meshes/PHerc0813/z4704_w080
PHerc0813,4704,w100,9.85,162,176,0.5195,0.756,0.6505,0.2335,reprova,meshes/PHerc0813/z4704_w100
PHerc0813,5296,w020,1.41,27,21,,0.754,0.11,0.6935,reprova,meshes/PHerc0813/z5296_w020
PHerc0813,5296,w040,4.28,86,99,0.4115,0.879,0.987,0.7985,,meshes/PHerc0813/z5296_w040
PHerc0813,5296,w060,6.03,126,116,0.333,0.6935,0.2305,0.756,,meshes/PHerc0813/z5296_w060
PHerc0813,5296,w080,7.58,121,143,0.62,0.688,0.018,0.5345,,meshes/PHerc0813/z5296_w080
PHerc0813,5296,w100,9.64,139,159,0.1215,0.6685,0.972,0.776,,meshes/PHerc0813/z5296_w100
PHerc0813,5888,w020,2.00,59,40,0.682,0.2245,0.971,0.7385,,meshes/PHerc0813/z5888_w020
PHerc0813,5888,w040,4.24,95,101,0.4455,0.681,0.7135,0.922,,meshes/PHerc0813/z5888_w040
PHerc0813,5888,w060,5.86,133,128,0.736,0.636,0.713,0.9515,,meshes/PHerc0813/z5888_w060
PHerc0813,5888,w080,7.75,133,124,0.5775,0.3285,0.795,0.412,,meshes/PHerc0813/z5888_w080
PHerc0813,5888,w100,9.94,119,128,0.1415,0.4425,0.129,0.1655,,meshes/PHerc0813/z5888_w100
PHerc0813,6496,w020,2.21,32,40,0.366,0.4955,0.927,0.9625,aprova,meshes/PHerc0813/z6496_w020
PHerc0813,6496,w040,4.27,67,77,0.663,0.507,0.136,0.0285,,meshes/PHerc0813/z6496_w040
PHerc0813,6496,w060,6.02,66,99,0.652,0.0515,0.98,0.684,reprova,meshes/PHerc0813/z6496_w060
PHerc0813,6496,w080,8.18,86,105,0.3135,0.4525,0.709,0.911,,meshes/PHerc0813/z6496_w080
PHerc0813,6496,w100,10.01,99,103,0.337,0.332,0.003,0.0055,,meshes/PHerc0813/z6496_w100
PHerc0813,7104,w020,2.27,28,22,0.4015,,0.8175,0.598,aprova,meshes/PHerc0813/z7104_w020
PHerc0813,7104,w040,4.17,65,59,0.387,0.096,0.598,0.1375,,meshes/PHerc0813/z7104_w040
PHerc0813,7104,w060,5.99,71,61,0.743,0.63,0.6255,0.159,,meshes/PHerc0813/z7104_w060
PHerc0813,7104,w080,7.73,91,126,0.295,0.676,0.823,0.5415,,meshes/PHerc0813/z7104_w080
PHerc0813,7104,w100,9.69,117,120,0.826,0.933,0.323,0.5235,,meshes/PHerc0813/z7104_w100
PHerc0813,7696,w020,1.81,45,35,0.572,0.292,0.993,0.0345,aprova,meshes/PHerc0813/z7696_w020
PHerc0813,7696,w040,3.69,55,48,0.1815,0.162,0.9925,0.526,,meshes/PHerc0813/z7696_w040
PHerc0813,7696,w060,5.56,70,68,0.383,0.832,0.898,0.199,,meshes/PHerc0813/z7696_w060
PHerc0813,7696,w080,7.40,109,111,0.8555,0.518,0.1785,0.796,,meshes/PHerc0813/z7696_w080
PHerc0813,7696,w100,9.29,115,120,0.865,0.244,0.268,0.4925,,meshes/PHerc0813/z7696_w100
PHerc0813,8288,w020,1.78,33,32,0.592,0.4155,0.7925,0.995,aprova,meshes/PHerc0813/z8288_w020
PHerc0813,8288,w040,3.67,53,75,0.932,0.95,0.367,0.885,reprova,meshes/PHerc0813/z8288_w040
PHerc0813,8288,w060,5.57,119,110,0.7685,0.9205,0.9815,0.991,,meshes/PHerc0813/z8288_w060
PHerc0813,8288,w080,7.53,137,146,0.489,0.248,0.4955,0.8295,,meshes/PHerc0813/z8288_w080
PHerc0813,8288,w100,9.32,126,150,0.237,0.4645,0.9915,0.999,,meshes/PHerc0813/z8288_w100
PHerc0813,9504,w020,1.48,29,32,,0.3355,0.749,0.8275,reprova,meshes/PHerc0813/z9504_w020
PHerc0813,9504,w040,4.22,114,102,0.2195,0.545,0.961,0.7735,,meshes/PHerc0813/z9504_w040
PHerc0813,9504,w060,6.08,141,144,0.38,0.891,0.4525,0.9915,,meshes/PHerc0813/z9504_w060
PHerc0813,9504,w080,7.93,156,130,0.2845,0.358,0.9905,0.4945,,meshes/PHerc0813/z9504_w080
PHerc0813,9504,w100,9.79,125,126,0.464,0.93,0.823,0.9615,,meshes/PHerc0813/z9504_w100
PHerc0813,11296,w020,1.72,7,22,,,0.464,0.833,aprova,meshes/PHerc0813/z11296_w020
PHerc0813,11296,w040,3.71,74,65,0.708,0.374,0.3265,0.2455,,meshes/PHerc0813/z11296_w040
PHerc0813,11296,w060,5.67,101,107,0.301,0.3495,0.595,0.3585,,meshes/PHerc0813/z11296_w060
PHerc0813,11296,w080,7.66,140,142,0.774,0.616,0.8925,0.6355,,meshes/PHerc0813/z11296_w080
PHerc0813,11296,w100,10.15,188,191,0.5965,0.7765,0.8135,0.956,reprova,meshes/PHerc0813/z11296_w100
PHerc0813,11904,w020,1.75,11,29,,0.9605,0.2745,0.805,aprova,meshes/PHerc0813/z11904_w020
PHerc0813,11904,w040,3.69,46,44,0.0095,0.807,0.8585,0.451,,meshes/PHerc0813/z11904_w040
PHerc0813,11904,w060,5.92,82,94,0.647,0.65,0.901,0.5015,,meshes/PHerc0813/z11904_w060
PHerc0813,11904,w080,8.15,162,170,0.9895,0.6615,0.109,0.983,reprova,meshes/PHerc0813/z11904_w080
PHerc0813,11904,w100,9.98,190,207,0.749,0.6005,0.8355,0.9,reprova,meshes/PHerc0813/z11904_w100
PHerc0813,12496,w020,1.73,7,29,0.5375,0.6665,,0.7685,aprova,meshes/PHerc0813/z12496_w020
PHerc0813,12496,w040,3.66,58,30,0.5035,0.5355,0.154,0.741,,meshes/PHerc0813/z12496_w040
PHerc0813,12496,w060,5.90,82,75,0.0795,0.5135,0.147,0.5895,,meshes/PHerc0813/z12496_w060
PHerc0813,12496,w080,7.87,96,152,0.8995,0.235,0.5515,0.539,,meshes/PHerc0813/z12496_w080
PHerc0813,12496,w100,10.18,156,182,0.604,0.624,0.1565,0.928,reprova,meshes/PHerc0813/z12496_w100
PHerc0813,13088,w020,1.73,12,20,0.123,0.363,0.5865,0.1125,aprova,meshes/PHerc0813/z13088_w020
PHerc0813,13088,w040,3.45,34,53,0.6445,0.498,0.9015,0.836,,meshes/PHerc0813/z13088_w040
PHerc0813,13088,w060,5.68,78,83,0.236,0.5985,0.2635,0.735,,meshes/PHerc0813/z13088_w060
PHerc0813,13088,w080,7.88,105,119,0.321,0.791,0.1875,0.099,,meshes/PHerc0813/z13088_w080
PHerc0813,13088,w100,9.93,149,156,0.0075,0.128,0.5775,0.0245,reprova,meshes/PHerc0813/z13088_w100
PHerc0813,13696,w020,1.78,5,32,,0.105,,0.914,aprova,meshes/PHerc0813/z13696_w020
PHerc0813,13696,w040,3.69,31,37,0.2735,0.562,0.9525,0.183,,meshes/PHerc0813/z13696_w040
PHerc0813,13696,w060,5.78,87,84,0.843,0.971,0.919,0.149,,meshes/PHerc0813/z13696_w060
PHerc0813,13696,w080,7.68,95,123,0.238,0.433,0.833,0.9765,,meshes/PHerc0813/z13696_w080
PHerc0813,13696,w100,9.40,140,139,0.854,0.1265,0.4595,0.9665,,meshes/PHerc0813/z13696_w100
PHerc0813,14304,w020,2.02,41,47,0.166,0.17,0.2275,0.9085,parcial,meshes/PHerc0813/z14304_w020
PHerc0813,14304,w040,4.10,60,44,0.9015,0.439,0.8385,0.794,,meshes/PHerc0813/z14304_w040
PHerc0813,14304,w060,5.98,80,89,0.9985,0.28,0.452,0.8615,,meshes/PHerc0813/z14304_w060
PHerc0813,14304,w080,8.06,111,116,0.9955,0.5835,0.2765,0.912,,meshes/PHerc0813/z14304_w080
PHerc0813,14304,w100,9.58,150,170,0.848,0.491,0.7655,0.1555,aprova,meshes/PHerc0813/z14304_w100
PHerc0813,14896,w020,1.81,21,30,0.9235,,0.9425,0.9835,reprova,meshes/PHerc0813/z14896_w020
PHerc0813,14896,w040,3.83,48,29,0.431,0.936,0.893,0.8185,,meshes/PHerc0813/z14896_w040
PHerc0813,14896,w060,5.65,85,84,0.474,0.0165,0.7205,0.7545,,meshes/PHerc0813/z14896_w060
PHerc0813,14896,w080,7.49,87,86,0.8245,0.9225,0.985,0.8525,aprova,meshes/PHerc0813/z14896_w080
PHerc0813,14896,w100,9.29,101,109,0.484,0.8755,0.334,0.7245,,meshes/PHerc0813/z14896_w100
PHerc0826,6528,w020,2.16,26,19,0.1225,0.314,0.6325,0.7685,,meshes/PHerc0826/z6528_w020
PHerc0826,6528,w040,4.83,64,64,0.137,0.115,0.683,0.929,,meshes/PHerc0826/z6528_w040
PHerc0826,6528,w060,7.14,129,130,0.692,0.768,0.98,0.596,,meshes/PHerc0826/z6528_w060
